INSERT INTO region (id, name) VALUES (1, N'Thành phố Hồ Chí Minh');
INSERT INTO region (id, name) VALUES (2, N'Hà Nội');
INSERT INTO region (id, name) VALUES (3, N'Đà Nẵng');
INSERT INTO branch (id, region, name, address, openTime, closeTime, phone, hasMotoPark, hasCarPark, canShip, floorQuantity, image) VALUES (1, 1, N'Mori Quận 1', N'123 Lê Lợi, Quận 1', N'8:00', N'22:00', 19001523, 0, 1, 1, 3, N'1CUdmmAXNWssnP3dP5edcyp_9r4y7eYr1');
INSERT INTO branch (id, region, name, address, openTime, closeTime, phone, hasMotoPark, hasCarPark, canShip, floorQuantity, image) VALUES (2, 1, N'Mori Thảo Điền', N'45 Nguyễn Văn Hưởng, Quận 2', N'8:00', N'22:00', 19001523, 1, 1, 0, 2, N'1RRLFxlQ6Hr7sOSp5WblKJYYgeXMR6s78');
INSERT INTO branch (id, region, name, address, openTime, closeTime, phone, hasMotoPark, hasCarPark, canShip, floorQuantity, image) VALUES (3, 1, N'Mori Quận 3', N'78 Võ Văn Tần, Quận 3', N'8:00', N'22:00', 19001523, 0, 1, 0, 3, N'1PWzrJAlZjOtBG-qSP3_NUv3-3h3IkFwD');
INSERT INTO branch (id, region, name, address, openTime, closeTime, phone, hasMotoPark, hasCarPark, canShip, floorQuantity, image) VALUES (4, 1, N'Mori Gò Vấp', N'112 Phạm Văn Chiêu, Quận Gò Vấp', N'8:00', N'22:00', 19001523, 1, 0, 1, 2, N'1QsU0tu1uE5KJE5C6MOiXP5Gtwbx9Itds');
INSERT INTO branch (id, region, name, address, openTime, closeTime, phone, hasMotoPark, hasCarPark, canShip, floorQuantity, image) VALUES (5, 1, N'Mori Phú Mỹ Hưng', N'90 Nguyễn Đức Cảnh, Quận 7', N'8:00', N'22:00', 19001523, 1, 0, 1, 1, N'1GZrGo0aiM8MetxArGlrqzb2ZFXhF-oj7');
INSERT INTO branch (id, region, name, address, openTime, closeTime, phone, hasMotoPark, hasCarPark, canShip, floorQuantity, image) VALUES (6, 1, N'Mori Tân Bình', N'56 Hoàng Hoa Thám, Quận Tân Bình', N'8:00', N'22:00', 19001523, 1, 1, 1, 2, N'1PWzrJAlZjOtBG-qSP3_NUv3-3h3IkFwD');
INSERT INTO branch (id, region, name, address, openTime, closeTime, phone, hasMotoPark, hasCarPark, canShip, floorQuantity, image) VALUES (7, 1, N'Mori Bình Thạnh', N'34 Đinh Tiên Hoàng, Quận Bình Thạnh', N'8:00', N'22:00', 19001523, 0, 1, 1, 1, N'1GZrGo0aiM8MetxArGlrqzb2ZFXhF-oj7');
INSERT INTO branch (id, region, name, address, openTime, closeTime, phone, hasMotoPark, hasCarPark, canShip, floorQuantity, image) VALUES (8, 2, N'Mori Hoàn Kiếm', N'25 Hàng Bạc, Quận Hoàn Kiếm', N'8:00', N'22:00', 19001523, 1, 0, 1, 2, N'1QsU0tu1uE5KJE5C6MOiXP5Gtwbx9Itds');
INSERT INTO branch (id, region, name, address, openTime, closeTime, phone, hasMotoPark, hasCarPark, canShip, floorQuantity, image) VALUES (9, 2, N'Mori Đống Đa', N'72 Tây Sơn, Quận Đống Đa', N'8:00', N'22:00', 19001523, 1, 1, 0, 1, N'1PWzrJAlZjOtBG-qSP3_NUv3-3h3IkFwD');
INSERT INTO branch (id, region, name, address, openTime, closeTime, phone, hasMotoPark, hasCarPark, canShip, floorQuantity, image) VALUES (10, 2, N'Mori Cầu Giấy', N'150 Trần Duy Hưng, Quận Cầu Giấy', N'8:00', N'22:00', 19001523, 1, 1, 1, 2, N'1QsU0tu1uE5KJE5C6MOiXP5Gtwbx9Itds');
INSERT INTO branch (id, region, name, address, openTime, closeTime, phone, hasMotoPark, hasCarPark, canShip, floorQuantity, image) VALUES (11, 2, N'Mori Long Biên', N'88 Ngọc Lâm, Quận Long Biên', N'8:00', N'22:00', 19001523, 0, 1, 1, 2, N'16doyCVkk6SKlClI20la1IaMT1hQx8_T7');
INSERT INTO branch (id, region, name, address, openTime, closeTime, phone, hasMotoPark, hasCarPark, canShip, floorQuantity, image) VALUES (12, 2, N'Mori Hà Đông', N'105 Quang Trung, Quận Hà Đông', N'8:00', N'22:00', 19001523, 1, 0, 1, 1, N'1PWzrJAlZjOtBG-qSP3_NUv3-3h3IkFwD');
INSERT INTO branch (id, region, name, address, openTime, closeTime, phone, hasMotoPark, hasCarPark, canShip, floorQuantity, image) VALUES (13, 3, N'Mori Hải Châu', N'45 Nguyễn Văn Linh, Quận Hải Châu', N'8:00', N'22:00', 19001523, 1, 0, 1, 2, N'16doyCVkk6SKlClI20la1IaMT1hQx8_T7');
INSERT INTO branch (id, region, name, address, openTime, closeTime, phone, hasMotoPark, hasCarPark, canShip, floorQuantity, image) VALUES (14, 3, N'Mori Sơn Trà', N'123 Võ Nguyên Giáp, Quận Sơn Trà', N'8:00', N'22:00', 19001523, 1, 1, 0, 3, N'1PWzrJAlZjOtBG-qSP3_NUv3-3h3IkFwD');
INSERT INTO branch (id, region, name, address, openTime, closeTime, phone, hasMotoPark, hasCarPark, canShip, floorQuantity, image) VALUES (15, 3, N'Mori Ngũ Hành Sơn', N'90 Trần Hưng Đạo, Quận Ngũ Hành Sơn', N'8:00', N'22:00', 19001523, 1, 0, 1, 1, N'1RRLFxlQ6Hr7sOSp5WblKJYYgeXMR6s78');
INSERT INTO category (id, name, total) VALUES (1, N'Seafood', 10);
INSERT INTO category (id, name, total) VALUES (2, N'Tempura', 6);
INSERT INTO category (id, name, total) VALUES (3, N'Premium', 7);
INSERT INTO category (id, name, total) VALUES (0, N'Combo', 2);
INSERT INTO dish (id, isCombo, canShip, nameVn, nameEn, price, image) VALUES (1, 0, 1, N'Cá ngừ đại dương', N'Ocean Tuna', 300000, N'1KuVhTi60MggnmfFxbN8IAW9JXQAE7JcW');
INSERT INTO dish (id, isCombo, canShip, nameVn, nameEn, price, image) VALUES (2, 0, 1, N'Cơm cuộn cá hồi tôm chiên', N'Salmon and Shrimp Tempura Rolls', 100000, N'1w2Kbd0sFkWHDK6OdYBHCvVUpoJPIdYPO');
INSERT INTO dish (id, isCombo, canShip, nameVn, nameEn, price, image) VALUES (3, 0, 1, N'Cá hồi Na Uy', N'Norwegian Salmon', 350000, N'1n546PGzrnLDU1uKkiTPkqtAcetKpQq5M');
INSERT INTO dish (id, isCombo, canShip, nameVn, nameEn, price, image) VALUES (4, 0, 1, N'Cơm cuộn lươn hun khói', N'Smoked Eel Roll', 120000, N'1F0BhMf5fLn1Ei-OjJtnZPhcucIS8mXQj');
INSERT INTO dish (id, isCombo, canShip, nameVn, nameEn, price, image) VALUES (5, 0, 1, N'Cá hồi sò điệp', N'Salmon and Scallops', 200000, N'15Q_x28Y2yhCDLjE4kUQ9-f_7XTGQoLzm');
INSERT INTO dish (id, isCombo, canShip, nameVn, nameEn, price, image) VALUES (6, 0, 1, N'Bạch tuộc Nhật Bản', N'Japanese Octopus', 300000, N'11Yrx-V6-IzvvMYCSAX9n7LGmejhrrUl8');
INSERT INTO dish (id, isCombo, canShip, nameVn, nameEn, price, image) VALUES (7, 0, 0, N'Tôm chiên bột tempura', N'Tempura Fried Shrimp', 150000, N'1a0U3zicMnnF5cIVtY5fd4JF1nd1ucm3i');
INSERT INTO dish (id, isCombo, canShip, nameVn, nameEn, price, image) VALUES (8, 0, 1, N'Sò đỏ Nhật Bản', N'Japanese Red Clams', 250000, N'1C75aomZTHySFyCnrsjTFkzMwGgoX4wkZ');
INSERT INTO dish (id, isCombo, canShip, nameVn, nameEn, price, image) VALUES (9, 0, 1, N'Maki Cơm cuộn cá hồi', N'Salmon Maki Roll', 150000, N'1e1N4ogpmeapYioXaZFtPUnyC9tBa-Icd');
INSERT INTO dish (id, isCombo, canShip, nameVn, nameEn, price, image) VALUES (10, 0, 1, N'Lươn hun khói Nhật Bản', N'Smoked Japanese Eel', 200000, N'1BRcW0cAjxBgfqEeiVfw7MVAW1HWB4dDp');
INSERT INTO dish (id, isCombo, canShip, nameVn, nameEn, price, image) VALUES (11, 0, 0, N'Cá hồi và phô mai chiên giòn', N'Crispy Fried Salmon and Cheese', 150000, N'1hNRnKHGkimG_BY3ov-v_YXZBQkJwyGIP');
INSERT INTO dish (id, isCombo, canShip, nameVn, nameEn, price, image) VALUES (12, 0, 1, N'Cá hồi trứng cá chuồn', N'Salmon and Fish Roe', 200000, N'1cpOriYbrJaReSEFlK5F_hdugVRTFRBzU');
INSERT INTO dish (id, isCombo, canShip, nameVn, nameEn, price, image) VALUES (13, 0, 0, N'Tôm sú biển thiên nhiên', N'Natural Wild Sea Prawns', 300000, N'1zijTnmOqQLiZLv4V-IcP90VOGDMahnQF');
INSERT INTO dish (id, isCombo, canShip, nameVn, nameEn, price, image) VALUES (14, 0, 1, N'Cá trích Nhật Bản', N'Japanese Herring', 150000, N'1Wd51V9oLEhoh6eNRnTWRuvABUnai2laL');
INSERT INTO dish (id, isCombo, canShip, nameVn, nameEn, price, image) VALUES (15, 0, 0, N'Trứng cá chuồn Nhật Bản', N'Japanese Fish Roe', 400000, N'1jxuba7RWfPMfiL8AzO6r6VN2qBbAnX4Z');
INSERT INTO dish (id, isCombo, canShip, nameVn, nameEn, price, image) VALUES (16, 0, 1, N'Cá ngừ vây xanh Nhật Bản', N'Japanese Bluefin Tuna', 600000, N'1m0TZ9MgerpZYxpjPfaMQkt227j8s4Nzm');
INSERT INTO dish (id, isCombo, canShip, nameVn, nameEn, price, image) VALUES (17, 0, 1, N'Gan cá sashimi', N'Sashimi Fish Liver', 150000, N'1Wj64yQy7e_l4x_WL33Phb_7fJxjJVIpx');
INSERT INTO dish (id, isCombo, canShip, nameVn, nameEn, price, image) VALUES (18, 0, 1, N'Bạch tuộc trộn', N'Octopus Salad', 120000, N'1G-mb8spDyHSy9ky0YJA6-iaZ2MKVi-Ci');
INSERT INTO dish (id, isCombo, canShip, nameVn, nameEn, price, image) VALUES (19, 0, 1, N'Cơm cuộn dưa leo', N'Cucumber Roll', 50000, N'1RYbrXjF8hyhtZ_3nPyEFqL85mJxeZpcj');
INSERT INTO dish (id, isCombo, canShip, nameVn, nameEn, price, image) VALUES (20, 0, 1, N'Cá Saba ngâm giấm', N'Vinegar-Pickled Saba Fish', 120000, N'1C6yRBuLPtc17b6GCM-RyK5UAF3qi-sQO');
INSERT INTO dish (id, isCombo, canShip, nameVn, nameEn, price, image) VALUES (21, 1, 0, N'Hải sản thượng hạng', N'Seafood Deluxe', 1250000, N'1LYiUuC-_TYW7L7mQ5qURg11ArlfBfHWj');
INSERT INTO dish (id, isCombo, canShip, nameVn, nameEn, price, image) VALUES (22, 1, 1, N'Tiệc cơm cuộn và tempura', N'Rolls and Tempura Feast', 500000, N'1o8WHlLSc2gDv3KeOwtKeFLlT19tviuW6');
INSERT INTO category_dish (category, dish) VALUES (1, 1);
INSERT INTO category_dish (category, dish) VALUES (1, 3);
INSERT INTO category_dish (category, dish) VALUES (1, 5);
INSERT INTO category_dish (category, dish) VALUES (1, 6);
INSERT INTO category_dish (category, dish) VALUES (1, 8);
INSERT INTO category_dish (category, dish) VALUES (1, 13);
INSERT INTO category_dish (category, dish) VALUES (1, 14);
INSERT INTO category_dish (category, dish) VALUES (1, 15);
INSERT INTO category_dish (category, dish) VALUES (1, 16);
INSERT INTO category_dish (category, dish) VALUES (1, 20);
INSERT INTO category_dish (category, dish) VALUES (2, 2);
INSERT INTO category_dish (category, dish) VALUES (2, 4);
INSERT INTO category_dish (category, dish) VALUES (2, 7);
INSERT INTO category_dish (category, dish) VALUES (2, 9);
INSERT INTO category_dish (category, dish) VALUES (2, 11);
INSERT INTO category_dish (category, dish) VALUES (2, 19);
INSERT INTO category_dish (category, dish) VALUES (3, 1);
INSERT INTO category_dish (category, dish) VALUES (3, 3);
INSERT INTO category_dish (category, dish) VALUES (3, 6);
INSERT INTO category_dish (category, dish) VALUES (3, 13);
INSERT INTO category_dish (category, dish) VALUES (3, 15);
INSERT INTO category_dish (category, dish) VALUES (3, 16);
INSERT INTO category_dish (category, dish) VALUES (0, 21);
INSERT INTO category_dish (category, dish) VALUES (0, 22);
INSERT INTO combo_dish (combo, dish) VALUES (21, 1);
INSERT INTO combo_dish (combo, dish) VALUES (21, 3);
INSERT INTO combo_dish (combo, dish) VALUES (21, 6);
INSERT INTO combo_dish (combo, dish) VALUES (21, 15);
INSERT INTO combo_dish (combo, dish) VALUES (22, 2);
INSERT INTO combo_dish (combo, dish) VALUES (22, 7);
INSERT INTO combo_dish (combo, dish) VALUES (22, 9);
INSERT INTO combo_dish (combo, dish) VALUES (22, 19);